UNIX TimeStamp,Virtual Price, FRAX Balance,3CRV Balance
1655895720,1008175994602989306,763819972301715735340065160,479360276526595566891180455
1655802849,1008171703566677879,758719014203271768713529435,486057466687219116744456671
1655717169,1008166997677485841,759509933811385352291935854,481466052845586625638131798
1655630605,1008161673351487214,761124195437814262497704370,491433983624707244914951619
1655544843,1008148538142440302,778252025227616194046406837,510543261887640592575517496
1655459012,1008136603805875912,803769014775509444376689825,524347932945739588751795335
1655374443,1008132339673001678,802058326010451638619216354,522781214754340307638271324
1655288625,1008121520990410784,787451603235621480356118925,527956591108716663311106264
1655201693,1008103375503575382,809016309543145189781206690,582899820682127427336081864
1655115375,1008077300607825411,795837527576023000037888213,742379169694972702816870391
1655030421,1008066805534934912,802174930363470427110474594,810385326249805448864393964
1654945776,1008063351809926115,801087662127021601605453892,809921466282512205125454196
1654860494,1008059718928226955,785568161393676192606217077,806319643312530152377388236
1654775275,1008057804384763072,788432857913421707968350128,803229836297223273352902030
1654691113,1008055822658134946,791832572016884100846692132,804192502269299806449582803
1654606246,1008050838521475720,774678807226434604348528090,803616302322405740100118353
1654521038,1008045482622213594,764498505940738981112958712,788452210780248503154557680
1654435887,1008040232145234634,761295551290571117910126190,765288406650642957460633864
1654351315,1008038819651280094,760058216779213652606029299,766495912754355301434481446
1654269773,1008036572122541672,755167388760794030043801551,758453862000668755386490816
1654188751,1008030215572014714,710499499841607292923858517,757830765256748804544346491
1654107946,1008034213290205237,713264684892052714305868992,748744499831916088574506668
1654026397,1008034935254274326,715599214617928531131683285,680896232378438278568248013
1653944926,1008039646053336955,716605222423312067470203961,672779626381642470213711374
1653863562,1008042900813207289,717083484292130269002486379,670513618235153744612582226
1653782717,1008049118471421918,717322954404361427745860058,670149197488545774730777423
1653702683,1008051404819672899,721065420473583179760721446,660095546034299090356578698
1653621345,1008054013400109348,720907595772905223765080302,656093261522949310550381920
1653540241,1008055276672167004,720264119189043013381712669,658288524077763668706482421
1653459065,1008051839282421269,721598309051564519940593172,650092905844090443804014816
1653377540,1008048197515392301,718325252024715955240548774,651535317472514311842488748
1653297720,1008044739583057177,722770682456091502293575600,644263993894267404811036298
1653217170,1008040874212632133,729956092238838159406847207,628689418801455299059906656
1653135290,1008039216019321290,731092241331204994909016782,628114233410235586044481847
1653054283,1008026238798783685,749629237892275433192375537,593934473441670508108710634
1652973970,1008021676119033991,746436520463711629503333017,589571700115053960486706905
1652892232,1008013746237479477,740481967345344878026109978,574015616458593050067502117
1652812833,1008007776726860776,787944977199081840021584837,579511147489469208292376901
1652733955,1008002295541650348,786035407839956808586968302,578165049719757406173597257
1652654683,1007996352184680495,769492352277304125637834273,549178145543628268654978127
1652575362,1007985364756119714,762811462621722020590049018,532229199589731480879667779
1652496290,1007972107061400621,743746384100327989563783133,553919288350281861448714880
1652417952,1007941189713832716,916487922381486971327477267,586692601857776672707269391
1652337842,1007816985642879926,1090117530033714878414029477,899832340622593249311154836
1652258447,1007698750933516484,1586444839825558282814350386,1109657725197506347483380072
1652179299,1007670487431070383,1562251858453220180539905463,1172193117455067302265040984
1652098064,1007634126709067131,1543872786902267042087862820,1226714997307091257717020489
1652019513,1007621289554761228,1544988733072343861917159060,1228755410252114975988082534
1651940582,1007595898133838974,1544419284501770033763099575,1242722113670463274057810536
1651860803,1007591155773743745,1566708983660770756635612275,1218170843623268557684048845
1651782284,1007585435027739286,1570932381407719801024646405,1156502253295704319015490500
1651702867,1007580572982139049,1603714751376443615274056778,1120085915277129064580879097
1651623437,1007577837686872451,1608999768788591060025262973,1117527711197453090547826481
1651544802,1007575489173661225,1611900880443583365593108117,1117514397835065933952293771
1651466418,1007572015549602099,1608587007257170870700777945,1114856429212678537510624675
1651387716,1007569951202651178,1602300707835230964349231059,1125134033855986182668459343
1651310167,1007565610131261927,1588599478862750909374666983,1140040380849696157463891373
1651232544,1007563891789353250,1585054673156402012105154940,1142976009467750762120261879
1651153799,1007561719117830220,1592752050440325440956192509,1135602573358374072406009026
1651075159,1007559261787834192,1596911349375216497089122433,1137873638106775011199620221
1650997590,1007556925243837409,1600532668065218571992974794,1138164912355069279591941690
1650918718,1007551326389935585,1597968671988469548605579297,1202285450631351799535554713
1650840145,1007548745264652266,1594798396881654670312113367,1203965240724814995119725674
1650761884,1007545501339222563,1594521495656407148962160475,1200052721220742372887750869
1650683714,1007543937919197916,1594389580449267411208462685,1200132878719941941770824078
1650606588,1007540638619308079,1596360095136947251363609574,1200063958095934996907836770
1650528389,1007537677228334120,1595641724841840708245269386,1200670185500676881759407535
1650450853,1007533614701584726,1596395976889151837701187107,1226694496646648071333309639
1650372783,1007532003171753980,1591788451050846305747990666,1230516778212903361723969485
1650294123,1007528327417746676,1603811503022927934891326640,1241892638332820229790128056
1650216573,1007526809847968987,1605173905033838628410780551,1238664919851218817707335602
1650138277,1007515730002907701,1601499523867992285366068682,1236944230863876359118205972
1650061024,1007514713542247209,1601783786792626855571732357,1243264054460258499600835900
1649983325,1007513362526698412,1600796144447175172345460777,1247145012258793797205060872
1649905925,1007511250067562370,1604386744818966190599386986,1246645326591180885233871222
1649827049,1007508473426208551,1613205705017018054286855841,1234600001673764935665568377
1649750529,1007506348270508639,1613342934578258359422438577,1233571485953056718820716345
1649671653,1007499724257802687,1604712754290916694106844633,1240637527935187669780984323
1649594478,1007497784325338345,1604395976864692676851262780,1240518484340668274025825486
1649517230,1007495957256910097,1611123049997109826998864891,1233607913410540919172288274
1649439088,1007494106901348709,1614451869348892964438630238,1228552658369727988498317062
1649360993,1007491433499622662,1626224951556441469990096422,1219066073721082266762352806
1649283599,1007489958144952074,1627148577258258078655504757,1217394114440652834605851815
1649205957,1007486821312845445,1624568829266570591606259772,1202750058280610557043447235
1649128565,1007483134804899851,1630628837782295315460333929,1180511624031655638337664106
1649050936,1007479182418650768,1624077604885341169645090405,1187126035955474047731212272
1648972036,1007477084573634432,1626068404067973133683955780,1183392471587636213317190155
1648895046,1007469000665324324,1625644805145397742212168065,1235863211713551695516559412
1648816860,1007465821691965553,1636532668373919756415661300,1218450313811567539227699593
1648739078,1007461744593007662,1634673521057408150215494002,1222516602837626146799469995
1648661515,1007458895571461997,1638085127695671491913572912,1218516138532736213351550913
1648583889,1007456520861055932,1639672874704966550118706176,1220590893622042172481776396
1648506620,1007453927978485209,1638559361776684964091022274,1197244689266295116660978549
1648429483,1007450777759202948,1634765973147620602150711620,1203951135630292244620207255
1648352144,1007446012303966389,1734788808963615570574537721,1206661085471265893634528507
1648274142,1007443213094308535,1748498032397127015729399540,1202958145597534295154118629
1648196578,1007439979506699762,1740982001694955530357526527,1223683374467368326835234520
1648119810,1007432270675628239,1725725198943953423437925270,1248722405977623499601575785
1648041828,1007428166577688936,1728452733961206397732598243,1261716614608568586596981839
1647965153,1007424877903803387,1715599483850146086179841754,1291679534427426278125952372
1647887090,1007423028594873695,1712829762096675032938197854,1302039935521442962354501973
1647809710,1007421885656148175,1711344017588241596711649802,1306436331964280639480039718
1647732147,1007420234117044181,1712907663851168349743261197,1317578810953573308501663084
1647654772,1007419151080737470,1711942033210367803176707883,1326809518666639280372928850
1647577910,1007415507737394672,1711379210222827068191716645,1330026078863815565529166565
1647500163,1007411103797570083,1708805592912539846548405625,1341228157728190549906493396
1647422135,1007408027085801041,1706957043264318937094330377,1341586625710823769976351797
1647344921,1007405062993944031,1745130938774150317627386782,1340737126670307954086589375
1647267431,1007401982559794319,1744013641407452728126734181,1352937748133926301239840095
1647190674,1007400345641090051,1741121333641264852830653529,1356373238840199872665221348
1647111784,1007396628371260439,1737716403385491317083169745,1365733044532300934126842315
1647034541,1007391354851591604,1737179555479578462778680066,1412079126379531057765059085
1646956224,1007386822526606472,1737237423662326760107353411,1410189786682110094683561783
1646879818,1007384442821334591,1731985235909355441569693924,1415096481649426341816618468
1646802690,1007381326347453291,1729249207371584468835580421,1423963519479644973574335840
1646724775,1007378306993133055,1725477842642439936610356834,1424807605276947446200566745
1646648447,1007374729407583944,1721958496016863833486765373,1428553251883476006471384455
1646570518,1007365178849656496,1637879489884456859361784664,1517103191785411418496461878
1646493468,1007361375571360182,1632638443466344220866737907,1521328502487539138047179377
1646414921,1007357182726579310,1621788404260475530619304896,1534858437150115009938056589
1646337975,1007354861689346626,1610144277106645131721084435,1542432314341819492593415744
1646260977,1007351236190434317,1610290195989828787277352974,1501518376073358783467203661
1646183432,1007340312554722294,1483595362080365856896742131,1495744442435802578352039612
1646107211,1007333572301359828,1497702472885518558694908223,1482225157582713427264586805
1646030528,1007329895934454295,1501080046342956078898063920,1493313815765508173640601670
1645952852,1007325002276218385,1457548609772920245342414323,1499802044583540245381883756
1645876087,1007321277678735174,1499215927920827980203025858,1509490690246493641537372350
1645799098,1007315542901631200,1522198817614523816779345317,1491187974135848348595118772
1645722231,1007308754392905592,1569217986823805863993087484,1504617745621184164640812688
1645645150,1007299744379220148,1595133218051870558315214198,1550672005900308815371591843
1645568216,1007295587930506518,1591594841775001721277322540,1553207177259784747060840096
1645491126,1007292634037264418,1592933598538145513088786017,1554723243118955150112714378
1645413327,1007290228535668983,1593350544234957463251626198,1552090514607793705694314395
1645336693,1007288331245922623,1589299734691156947422445023,1566266379316816938055348088
1645259187,1007286213687567117,1588188991159556520302193947,1582971370033808618077836396
1645181981,1007283738506831872,1586192069642986875257643099,1584605202854221107585537746
1645104836,1007280348699756152,1587017788038971687146545923,1531766796262365378858219341
1645028346,1007275252604659655,1560447531849562637397546710,1516786268497821959659020954
1644950674,1007272378966932455,1560247928137300435967247313,1512759617941988473173917758
1644874210,1007269745087764640,1564436913129019751744180000,1489646183573261871133241787
1644796929,1007265812611498915,1567185673739893870896448427,1484661118284198865937690935
1644720637,1007264400974299981,1567476404344599257270612639,1483072570806876399865338115
1644643653,1007262840195974608,1577357382066333656214243401,1475344877483568443059231268
1644567298,1007260384183270899,1576678361874748041047631039,1475391603344099627672120685
1644489506,1007256912800561578,1569096842158197931447131612,1463470769301318741985543070
1644412265,1007251188627340205,1578886177986962796590595901,1400535615496092804826838410
1644335573,1007246849541624021,1592607056340481779535055202,1388929025723199774809455256
1644258593,1007243336075227094,1590326347880873525325567724,1402503798738146867046075624
1644181391,1007238567309494644,1594983923553672157885186552,1399492988544851956769145618
1644105333,1007236986721811858,1594600284724624904948131924,1398237925275920601848619047
1644027907,1007233057295175975,1597373025967227044595572310,1392771399428858127768836603
1643951497,1007229567548332368,1599171361458327916267986181,1389226516265202760667301543
1643874635,1007223355601228606,1594266439756694041915553068,1391250932090865390290338309
1643796652,1007218489991246503,1593368777808294854061041179,1368778929447690075113545402
1643720684,1007214267407331984,1604634003616928469927719230,1361201948104827752675627686
1643643842,1007210606888814317,1605232176687852681342444337,1367681197944627929420986465
1643566445,1007208504092137273,1601725779858792203737118838,1364935802929360138983634813
1643490259,1007204047887707693,1600282285100610283048641554,1348250847661871707633271007
1643413408,1007189540432464025,1598660520000008859284478640,1330689062365386493251529698
1643336196,1007162011200858480,1598284880509772239851192451,1298997803156585482295561285
1643259950,1007136568270137367,1585609595299231221644496293,1317834718844447109107810341
1643182494,1007131847368772586,1586189338221956053343619223,1304940195532358658239387747
1643105842,1007124238234054293,1551407946794790683611454947,1243302408516433875166744014
1643028414,1007118076653532843,1519235626190647543321375290,1263414193184816635286339373
1642951130,1007114035656896751,1523125394247360321371746975,1281861875590966967440902403
1642874508,1007106589904734865,1519715420646041201374577267,1337140600055334446114054906
1642797973,1007083331312934820,1577990381901044304864372079,1521450321532781681105292056
1642720297,1007075933320845342,1568576504018259694864167632,1536575600727816027042698956
1642643546,1007057592829249356,1452081939215600749657124585,1428064893805038791678049332
1642566610,1007043080760826023,1354908577640444826220618304,1378885795839781582450044500
1642490140,1007033322942944700,1413081370847701977672558010,1359046935686523246993491319
1642413103,1007029713344871768,1419104643901544324918748932,1373817496411434650153910287
1642336845,1007024783575324381,1384075020077921757190606486,1357063506551542491926848710
1642260114,1007020841743275139,1358359842493732001422743884,1336223639296049107909309151
1642182368,1007015766942604666,1336779187996079995384067664,1325592822770309121375335505
1642105495,1007013171742012112,1341803414329452420491842747,1320339992134111660875414278
1642028056,1007009001925074074,1348562273261697610517815065,1314558670309534098841274193
1641950530,1007005408668400694,1334942686872230116282932327,1315562296054197280771160145
1641874697,1006996996212186327,1259546817074345428291903400,1266326340434093658582953005
1641797617,1006987419150020557,1197040822635769465804845958,1191860944518854164746275325
1641719857,1006982694685100727,1199613624711008586693659820,1189143448791785853652721688
1641644664,1006979850841629760,1209984908648757781188580271,1176962583103029855523547584
1641567240,1006977161847129652,1217023085542902616299279737,1174187748784481646035350634
1641490088,1006971745523413063,1229929284918171301405073874,1168266144216584367095249188
1641412659,1006962944021814521,1159114384950471276947732289,1149601776144215326216586428
1641335424,1006957508691751346,1143979231949970774772730809,1134647595538902273397840618
1641258282,1006952630313825088,1103520006948321497027066222,1127534623669227954684704858
1641181290,1006944541436509462,1068305056031349927699487588,1077481134728490530357642059
1641104774,1006942235296400138,1072223576651698455464355545,1074137478580519393776342501
1641028558,1006935329271465205,1053926996722068358071341122,1051544202424168012264654018
1640950592,1006928207505958173,1025987335924228454270975119,1028517644230722779949687724
1640873275,1006922120941068239,1012832437335879360439569070,1019662993532344553509800901
1640796215,1006916209108135954,1016087447347531547966716894,1006679711653932651510131307
1640719634,1006905464702323403,948284371536887191382087119,931894870252847091566214568
1640642547,1006899459349339182,918846650778395632338934124,918622066776926434479970481
1640565517,1006894171248797185,919398134404248143960028261,909770842764946968508028986
1640488855,1006890909686984149,918532044749689605685792820,890244796549964977147080837
1640412163,1006885361246533135,916079840524448558230166890,881260416418541172789332362
1640334388,1006877709757206668,908823568015443696493443063,896201796357423661726130893
1640258170,1006867391058867785,866598699265635679908574065,871120593663099384900010439
1640180037,1006856271299250607,820834885340821613635763908,826756645745696769838121149
1640103295,1006849052651186391,819879063113226472393170647,807405699017275707704680632
1640025874,1006843232824997873,818398298249910530788185084,830908246608623515492102461
1639949740,1006838488127677623,817002946761592361873045732,823247093214982183060903944
1639872208,1006835093079529479,816850403936050328856735260,812728145047836689727141675
1639795767,1006827318541018171,790728499601455441603590680,803165115059288423957029342
1639718920,1006823631176313738,793525281396787806518648205,796915138355855158498356617
1639641573,1006818746489590058,792885370643526681575791225,777893612266729871912697947
1639564384,1006813639563386754,792894286749881524111847211,764083519941292120827782131
1639487169,1006808879706276135,791921364999832832321723392,780306966966244498103533076
1639410085,1006804923417614262,792745849438155266697421930,780304517470087101986958714
1639333522,1006799791772628120,772737758080472965945056384,772748529418400779106655004
1639256996,1006792303017024811,737214316504518011839106068,741508668499168390009555684
1639179649,1006789272543555941,737043646270569425045823243,744208119587949542441346977
1639102709,1006783849594628863,739491675156768594299780819,731228690274891543399199917
1639023150,1006772381643280975,699744898749643905883374831,703216126649674899947593360
1638943213,1006765071519283932,680455015630067125771859115,679309461631204557813165947
1638863452,1006758768840384073,644200202536091141020915755,676950664634929239600975876
1638784584,1006749309253184043,654240987972019500539321624,659379936110367108081905147
1638704449,1006742855099285590,649368503784643607279725456,660798797891413682534531656
1638625268,1006733714244908378,653225283732673461748208460,654383747939010262269505562
1638545166,1006718710643410393,650582563236237580900938472,665930623969939192592000814
1638465269,1006709338093848905,621637234185563174504771319,639533418625924548912752336
1638385867,1006700644411335559,625364444439130422483537801,628273227955393218582289187
1638306090,1006695489450024202,625822725898835425112174076,629463734652036253369912228
1638226359,1006687034683119942,600891503217072667797673627,618848573928553246855636095
1638146133,1006681549330577019,609951348138026855465693149,603806215369452502136399948
1638067335,1006675115725544157,582358211976454524990629867,592948191906578524408480466
1637987935,1006670530786394676,575514957808264326290776707,580549200188294683833452021
1637909311,1006665291814325746,576931258426525973016646869,582676323680180836604049807
1637829939,1006662169973791517,576977141308920165990161528,579111231443048987496346534
1637750248,1006655038043858354,562820693197172712187314734,570862155115898591659060159
1637672351,1006651878647177030,566219382228778755964289571,571936568691398984673779788
1637594055,1006648349049741996,568236005742180208455041987,570240762293294079501002563
1637514699,1006640852340710001,555577849127070107439012645,563359897882811198874791060
1637435821,1006637267244694067,558472126465508066549482307,558337380900559247123340373
1637357627,1006630198502654135,537337020092823608229732729,552500959533585099174684766
1637276945,1006619691956053926,532367517829449485684990148,548760188760799089578979810
1637198939,1006608519475604372,520064031444907004190189124,535222511829839669486724219
1637120902,1006600891086476141,528648628305199699789780429,524852948701905545977901076
1637042417,1006594134854993194,535846384343711898167765816,531469851267962757856864030
1636963099,1006584229279396936,525526823500370969752507504,520950121555744528699316301
1636884870,1006576688340130442,513215699462022753496623283,514181669884700823815010586
1636805648,1006567861279714645,504927215911717742789433723,510630433273667353153030359
1636728110,1006556413404594898,487901899944576550525419940,495616672529208180477291602
1636649767,1006542158229170055,456126630341747287165392788,480231574034932182098838568
1636572303,1006532607325724123,469108282243746937763450125,468542572370510842597230656
1636493730,1006510173552999283,412580490422628829672348510,441363761716825936448583412
1636415683,1006497699606531411,409349362469373796842098526,418621312010434724877658854
1636336892,1006478856780142095,386316927648827308466052662,399265632662798708418303425
1636259578,1006470228535440016,393409487938923869614813623,393220651773150166425246487
1636181698,1006462410944517274,381181996020313426051779909,386437864736666571790727271
1636104346,1006454076813741443,385425942938531447480975696,380851625546225276406990394
1636026370,1006448219641420192,388911234077558077795117735,386297389036444352240525675
1635947995,1006438943645834661,370704205654189005386177285,380363979478459040273759040
1635869180,1006431911674691502,368073044367228627186116904,365330614817692801180706249
1635791031,1006425999196014392,369246459488386738008418194,361893063620507714081076514
1635712991,1006418285582651569,355410038811925989591229894,358768060797954498046043578
1635634227,1006410102519947845,351531316400647254603574523,349267229767826251262268080
1635555587,1006397796425215135,336834175858714096465283049,325226434843994333209109171
1635477653,1006374456382512187,312050741892831107869324535,320696509445200869353695233
1635400103,1006361907976470718,300759577475144092755211305,302047321267905658420663746
1635321106,1006349919120163346,303706948373651870043256914,291895207534061381223532421
1635243607,1006337947671077661,272469952171715164349001932,285476493071779242205145471
1635165691,1006325270706644732,272929725207376751669819346,266262406784561979521953362
1635088315,1006319144925712677,265747013551534971759946928,262269556086140451719021625
1635010016,1006313232450425064,257808051660196573060899206,259129869209033712174011213
1634932103,1006308028502382227,258443074704088268646525019,257070624703054296019106876
1634854353,1006300110045195746,253265599928834592626983971,256084917230555790391608330
1634777319,1006288646808138423,239342294596417130833713997,250534222973733747120662961
1634698919,1006277064330967214,239152067796462405901119335,240405432363809871731231991
1634621278,1006270738230608231,239126580344491348308434271,232354603622335203849663896
1634543532,1006266105929049181,240073791702489818671931099,230017906374427214363111388
1634465762,1006262216617257829,240316898425905055275926478,230308003281822608460639943
1634387710,1006257028400843125,230379716947854760792309515,230007198624009527515385284
1634309669,1006248468721390189,220035450903104853136343746,226846545141838216623831364
1634230646,1006236317069448234,218668069111379655084392020,220426558095147465374501717
1634152753,1006225742376663406,217831865020178070332572495,218704152889899031693301685
1634073298,1006218627539854495,218021258111733579896779068,212424495634592054884347353
1633995244,1006212059399333339,220075138968635026651303431,207108130108444601628719491
1633917096,1006205233693275194,216215231645926882273368012,209569538606896857412675665
1633839419,1006200715169311837,216165753300726908874185543,209843828810220513832191129
1633761418,1006196149926930099,216445659163224367333578558,210591185116534596826183292
1633683010,1006186885669133088,206950311556105189873071235,203567854022678904724940959
1633605063,1006180102266448478,207557864810308656438343966,203290699084188139064815514
1633527277,1006172008898261880,205962129625781676713408416,200315982238355263664754905
1633448749,1006164610399016961,203560735974847399537030296,200159836245397660167603973
1633371492,1006154507415047479,202520861563652558394673771,194332309556909093923744132
1633293290,1006147381125009653,199759621471823432350397089,192120779049765481956700228
1633214867,1006141201485051556,197476114493478582596923836,186740231484403794424918505
1633137623,1006134013334561855,194263545431088224938341439,187255685107776436969411008
1633060344,1006122754717940152,195605941997683938985408635,180421115630027090250263410
1632981597,1006116572331743332,196696383814382469010027860,179999316805874166008410324
1632904074,1006106823600644500,194254894283113303521241381,189685330503615213638455684
1632826867,1006102951458349758,191455485620819320437171266,186680778212680384466423227
1632750074,1006096546600198909,179993782604299911144642643,185433583209204352321818545
1632671966,1006084834083141037,178633286795618968830633980,169945159493619753746931888
1632594192,1006077784398167336,177255387860363231078836631,169111702039811042136621173
1632518072,1006067326783208699,173731608335110500065552262,167653926902715298217920827
1632440971,1006054004179307231,168980373572232894206122354,164826080172331523122203295
1632363901,1006044102413057483,168601069779358909735813007,159662577206117925988318592
1632286452,1006037981028160778,168594638822595213516648919,157223786613094179216770433
1632209713,1006030568240925658,166777087851217958604907702,155821176700282927660975266
1632132656,1006024092625843768,166332945029231246188764733,155303594606321006746198983
1632056297,1006014427856147931,165440408658810060129702854,155367379331615643120709792
1631979215,1006010875125910697,165309670985577520775534119,153873995201206240756063261
1631901594,1006007559767049352,166035060301536816309886019,152836202315419144638266293
1631824831,1006000564524285157,165805360028716357546419408,159777527337581823179585515
1631747924,1005993401758087093,163282748017261738846374039,159202420523530152250016057
1631670445,1005978716389963076,162609191242604043900629820,159602895566970409126138274
1631594125,1005966342143724552,158965509214824359307197504,141505063921358502915850726
1631517092,1005960591735073247,158702258759469778854418009,143729993414456265960471004
1631439631,1005955217342124281,152871956342312314712080219,138765145887574997668123099
1631362890,1005950338382256839,153633591425652938386244230,140108095360510802070144000
1631285522,1005943452657760101,153059618598394341693581572,138747747573332385292055507
1631208857,1005934544283160004,153353446639289015291565519,137495360968203929435038195
1631130836,1005926438713634267,155577720754139247385682512,133583403689039485775436754
1631054261,1005915636241691369,155560950694073283611704876,136620048680089146772474186
1630977054,1005898196036502372,157304430751037573259095875,132504159068843487568113993
1630899765,1005891134231303975,158629096648369090278765190,136458187806571117791960356
1630823101,1005885779802900131,158421721653712654946715194,138545612029165376881625527
1630746903,1005881827533904144,159196824566126796269111659,138254528540063475335685626
1630669976,1005877695847416098,159805958853624601202653412,139630174305309033530964641
1630593120,1005871802015439207,159983443702538793198200566,139921994580364587520254557
1630516646,1005860746272368081,160501931972707004183586081,140836955607767798649218652
1630439216,1005851736176315065,157016399733904245004146048,144253411236393130111606881
1630361984,1005834853603224278,163549276092104571258134242,140561873270344227081968443
1630285436,1005829107043700634,163423071357822589889477163,141852173571626343695143996
1630207905,1005825647693447867,163803400091459555296831061,141371921767025259820269941
1630132084,1005820103469616660,167633585814447140788690613,140873974573280224159544812
1630053908,1005811256421597019,168238152124368652346702941,152679972774234704862178803
1629977879,1005807701169698508,167724679253564872863434101,153262124673053658709959564
1629900310,1005802182486623297,165488265005761986869254595,155120301836264931433277832
1629823549,1005797126517105510,166482320071521387838838203,154847014959973174921439142
1629747064,1005786871490529251,164438595502735293399163200,159493580374679416166048267
1629669292,1005775748079012034,168147679391237956342496958,155806155494980830101656657
1629592928,1005770342988734783,168201861234411337308958967,154444285616326107775881349
1629515465,1005754993705092147,171785662168473784486891428,168873045073741851583791726
1629439014,1005724642239490121,157389154282255151873668343,149242275657924075279609244
1629362310,1005714600268103069,153613694889842856803418167,146530973683638500637409539
1629285085,1005702361203111359,153321020989489535886592331,145342740651610249542018666
1629208886,1005694215890196465,154725022491663357608618784,143993243268319068759425749
1629132380,1005681592673154869,152656028127564895579063192,144825738068979607288803398
1629055122,1005666100356147451,148611554894587501070002444,146562677078575292949998102
1628978153,1005657746378171090,145695618027941696164700068,144412678886635133229361720
1628901109,1005646394173794704,150001679648830902141948582,140137598886319229547673142
1628824566,1005640276732660786,151287896976959791245797936,138861613176794447792228553
1628747440,1005633522932826641,151748407413030613103797402,139817210096893429954213852
1628670729,1005627554994719980,152764461335133307328857118,139237472788464447011073049
1628594027,1005616776826844032,153201061482838652856838353,139479919521844765201236930
1628516627,1005605207758845448,152871557916556495231557044,140709022249910478509440816
1628439960,1005599340841200432,153769914929203234024199376,140052493495634773373683946
1628363477,1005592745805010076,154901841323288627987923858,139893225382547822711123613
1628288172,1005585671676433111,155981973873173920376709086,138540074324574247010746256
1628210529,1005565703782747990,157582162243854919748466650,155646761492538191357718122
1628132438,1005557222372756887,158072491172881184941939092,154540433039047151079513048
1628053768,1005525944095260929,162677069043337950389338530,158092856798060393738423815
1627975509,1005518038921093680,163333484574268634053127741,160785094901656660755654539
1627897302,1005501476140205276,146730135455448063013236856,140762414820081730559637352
1627818665,1005488507493670011,146812119326313709478520836,147168273282417110233790610
1627739597,1005478000309183215,145704190129390200097333538,147594015064126330791134757
1627661034,1005469222684560138,142837460815802002151465984,148113855389789542804142950
1627581631,1005459636221414709,139612871321051623884576070,144095463093900492216571587
1627502701,1005445196688886298,138295070943307572027587028,135374137715072646773957611
1627423958,1005433242667607937,132958929707747843841105402,133864561005083503263537716
1627344543,1005427138596600903,132902916902638523410601928,131943646052840874049182915
1627266203,1005413240307934948,134100327124580607471801285,128514960252297103798875715
1627187849,1005398104554372876,134169195374105091137127873,125854271788414901070967699
1627110870,1005387620116776866,135593370956876442969294663,123792078471083019047931005
1627032882,1005379137151307033,136709182694414465236522343,126309789687179578782862980
1626955750,1005370733272786517,138049080344065357658291217,128730530007109466887518229
1626877841,1005357514733987828,138388154370470250133128678,125617092780865406158493232
1626799471,1005346011500229293,137684028341653065053857093,126032603104464494737180237
1626722201,1005334893847389148,138140274495700709167488945,129029813455477106632942201
1626644438,1005323938060715643,139923084830725074782310604,125983565081015744745462747
1626565916,1005314332423613494,141212936912737549450014218,137211840158164267144826528
1626487428,1005307040761808007,139116538971650737341557489,138778047225297244863517067
1626409737,1005292829595972350,141181125642128894455770169,132003805111839539945074188
1626331623,1005280112674442393,142772086542008266244024025,139049593850624321968535208
1626253847,1005273819434271217,142680105080723665631209706,134013775972778115773583394
1626175574,1005258422565786632,143424539983162562885617380,134167809120868435624738704
1626097119,1005250294924749877,143719669579574947214206162,139830725108423354313192690
1626019537,1005243616048413047,145309539359332593782650021,139923187842175774839901561
1625941276,1005239327170009992,145927905738371664886072912,137568675638435337104534435
1625864468,1005225207698085195,145789916351691834302114375,147254998696694747514875340
1625786639,1005215665477410778,139827385967193995190038380,148724392261658911122504866
1625709499,1005193665857420633,134381119112377520143770034,141482573257170345161280279
1625632158,1005184064701292676,134543683381744452779711377,135924007479478195203564831
1625554359,1005174380753505632,128424062661815473078884224,136349881276037080689325662
1625477086,1005157256246240557,127686249867179786800842670,135730958655896879943492400
1625400067,1005151538494682133,127916303610993019008497777,135554906205626372632533380
1625322580,1005144933381153865,129405274357032862169730738,134018900357242875437914417
1625244338,1005126744407155414,118453854045075534998470144,121924231599217213920932915
1625167740,1005108785529341128,112127089775358232357731426,126284524547544893573714133
1625089079,1005088082725377334,102877559867753630019135620,111685982780282979765856919
1625011913,1005075356639517417,102745096374723714516744568,105702666410084763905380099
1624934023,1005044016557189630,83940739054743733801158491,91547847736454059116503657
1624856857,1005018168069901403,76185874766435627841870828,95709820180426954407742226
1624779427,1004992487952727077,68124330461802830143695306,67165238775691791468942536
1624701915,1004964421563147275,60273249528382882097890858,84224832321810427707690366
1624624401,1004945512431512480,53983412599403705326236302,81040398347965696897869448
1624547296,1004925721380712075,51563841380480787112277488,72347356806956457583203574
1624470059,1004891918258970113,49747569331957906492876227,49199774515264487285469127
1624391550,1004866172818550050,46890598282070019154616586,38641380022320134880492455
1624313898,1004828722963908833,57720140364688350421425478,41093050101522850912854478
1624235440,1004779185436610813,48117585998755915605416126,57851012586643272075679051
1624158177,1004767019004337827,45191972149216983598372300,55928996772150477560013400
1624081286,1004692625962814849,35234064424762526512709029,45083188996620147779489091
1624002457,1004676096919700567,33957348398352218238546139,44151748748249666460128363
1623926231,1004612005502353360,33401468488414583547793010,32337803108859967910394100
1623849284,1004560933477701978,30929672570113895574344686,19793735658560852420811082
1623772171,1004506580986398829,23100097638762939873120685,21206815322448931834790229
1623695434,1004487914372478814,22055433030235738471405245,21430514050454950181824648
1623617978,1004459533251487184,21456424223088152053744037,17235989078651633007772713
1623540439,1004439409434956254,20270263438270186847433714,17179867892383698446960928
1623462833,1004421896759877050,18719547030146757416913308,17378315169792572906068293
