UNIX TimeStamp,Virtual Price, USDT Balance,DAI Balance,USDC Balance,sUSD Balance
1655115375,1052645251891445678,26927369989374,23156562616857099716764070,22696998887262,20174988299598212012518029
1655030421,1052583666744892888,33741362651520,29546001794635175438011827,29383287339388,23399515047346589104467432
1654945776,1052564717415472151,32437373065848,28850181777127340323476871,29782878853257,25108325536261391341756272
1654860494,1052541645235261488,32192626831427,30027140133375944933037350,30287262202793,23669497055666171939180844
1654775275,1052524650613945549,32252314395460,30209481580111335915595355,29975321296622,23919020982434838959998351
1654691113,1052498928112738508,31095813942243,29099148171914470566237791,29174625682425,23051756598680401536412618
1654606246,1052406150060900740,30406414991168,27045672034883494711057187,26701518658723,25443224116975913432959648
1654521038,1052310793500017773,29000526762849,27433860849404030963719595,27662565371148,21440887071766392515665626
1654435887,1052198144353698007,29006535964279,26768453788927171929181721,26940417847057,20553876441977107512211470
1654351315,1052084032534353630,27837384782455,26482778387096852697495608,25619743232120,22519103279869190129728854
1654269773,1052065450267598448,27746602787302,25129508212191510120148235,24717378602501,24734876963623695122154691
1654188751,1052057895198461099,27358527036210,24809792136792455315533517,24378144894822,26061338542699829070491787
1654107946,1052039758999713994,25770711823809,23337462643725472037380012,23988461689990,28279588463031155856842649
1654026397,1052029060811408040,27177353365702,24484054980936171375091355,23989361540046,25549167751830523628278549
1653944926,1052010221036665271,26231516389259,24275823691020153575978819,24549928790759,23029875555283420879449580
1653863562,1051946128582916013,28762185950951,25302141566196812385616765,24840472998308,24214608776518684283855646
1653782717,1051943257255272517,28533114416516,25305440415357912571707197,24612834619116,24007887031787065989244279
1653702683,1051941085513301300,27889209790269,25388675582078320309597184,25506112181575,23702104576012039839115862
1653621345,1051916118817341330,25026956549904,22409863093940327054164690,21970272888332,24083973372609585105546045
1653540241,1051871713355913214,26721722321981,23277606667512103988967417,23292194386029,21441492712340292206747258
1653459065,1051860885194859600,22612660745515,19647820947238003645224432,19296302874893,20823280505925103859853169
1653377540,1051839370949893032,21641039067068,19974640143229508993228730,19777049637366,20827997004299375758113670
1653297720,1051832024655253998,21850413557425,19279864852494153484863141,19247528808935,21956507677072098299964782
1653217170,1051826552624431847,21794131226681,19264808444923848419391900,19688724595742,21579630194364354739724787
1653135290,1051820413631442232,21041146944257,18799477383664694312600479,18615696894103,21052707361802871333625336
1653054283,1051797399402886523,19339091072568,17068805056293729209116376,17398071990954,19754274857268133860498449
1652973970,1051767903965160636,17510957502445,15418976599278052512842428,14991986842944,18790602528655416615223375
1652892232,1051734690506605230,18170597443016,16349948604979697017138510,16115173634584,16092826619454397961338660
1652812833,1051712078192387047,18481195359967,15851685856449199601649198,16029686840788,16032664258078475570443082
1652733955,1051698384425852409,18461724910911,16367037295135479197684772,16930211430466,15878777646364321879692535
1652654683,1051676057299518619,17849015700748,15164988406640122649116231,15544573014573,15122269313084351057968709
1652575362,1051528090229434790,17531128228062,14906219128496024850365569,14745325308380,16512962698710222137623203
1652496290,1051516067733057176,16598463434986,14004133790693112129642086,13637781594381,16818705029267363310560550
1652417952,1051465270774195008,17216271065560,12158605750432608570110948,12111479888934,16576643441969321892805277
1652337842,1050875139864116110,28827698607806,9897243268662061101942831,9991230688257,29427761879192820856741228
1652258447,1050744987698544924,25510714259837,24338410319766089187255884,24321656358703,28589510638560438666948561
1652179299,1050713039979385301,24054301062811,23635516301363214006640551,23582417506900,34746632772625568593920944
1652098064,1050650832554451250,29891156286659,29957778019731319736632358,29797508547142,34562231510377405772750640
1652019513,1050611957729757632,32049637895931,31557349836742337346112119,31894673328767,31683610017850663820219895
1651940582,1050602269677446726,31530901214414,32222213132277253235530229,31734668442512,31310482356206648428875885
1651860803,1050587941286122970,31133383870753,30435475093628647251361150,30654602283201,29453778936723014360063842
1651782284,1050583874953814670,31040371178810,30992450136933285262092823,30499039359145,28707912897375230174706364
1651702867,1050565624725855105,28880717079836,28732097724471945514863879,28438138137254,24696072866221735561748720
1651623437,1050552352316752528,30026589080829,28443014802838773999003424,28505759461275,26769781893738885410363793
1651544802,1050547695546016576,29563689775631,28224235362769967976819489,28600949616041,27354768111808433770198798
1651466418,1050539167213382284,27508864101573,26982128175059818087312942,27526325909954,28331598220701725036906878
1651387716,1050527628232324944,26760635417733,26842822645466659282834398,26531904233435,27381462862444661185520949
1651310167,1050519409974582622,27878048323318,27293048948079768957736995,26638199294311,27985865304618530572832924
1651232544,1050378310064518888,27897692905930,27803628986582307377146188,27940779046769,24049306336367697198967941
1651153799,1050363246226219420,27117622365040,26978216826541977830006622,26948428774832,21907072397099538479085507
1651075159,1050350322368372265,25150269509734,25287019003812243763847991,25625512863862,22989536632362829019128124
1650997590,1050338560338546493,24202261534368,24185995578439896671606418,24345657806419,23848783713849636049577285
1650918718,1050321032806987173,22456448246140,23197904659849909008939956,22673662446844,21253261960592747664467695
1650840145,1050314602685078091,23047447713953,22888273329760212302455582,23402900310409,20989007959012046069281011
1650761884,1050311778716741322,22399447380524,22859073709558099670763881,23034171149690,21032929280224935923069403
1650683714,1050311124307146591,22398451146784,22860487083443535561582003,23247096499170,20994869481651328234662616
1650606588,1050304545192604409,22113687697073,22590826953089741383794568,22126041180735,23145367108534540378692626
1650528389,1050278585097224080,24331773365836,24372603220437116599462731,25028363583688,24068402487152281889630413
1650450853,1050276193123857107,24193311290296,24619058227603322165067805,24446867279386,24528576154024907902306191
1650372783,1050270185245874722,24190154618912,24741457974689070412253406,24666023446147,24511668505764660173914367
1650294123,1050259811583353170,24754868634272,25154380746653638540493870,25499360382971,25923001683386384820905018
1650216573,1050254298834015255,24892854015981,25382102159093597063973394,25071401740521,26043337805029191076938583
1650138277,1050250858875916973,24998983563214,24873922165408741913376534,25097703444575,26544077913346347746396015
1650061024,1050250177425270269,25007428887607,24853906479010630815892873,24977633196334,26524545973178664288975984
1649983325,1050245266092952719,24442877224368,24095269410711824057483435,24412503438305,28509944554907163419385803
1649905925,1050132808357013494,24059152738814,23917584396484054118105374,23487380037524,24844310841690516040384761
1649827049,1050068641078800782,23646438907003,24359971830208640870261671,23807884043750,24883692114981641875363111
1649750529,1050061772208660427,24100729802781,24563357861826803487418973,23875223456319,24115783439019902667722985
1649671653,1049915514694979151,22936473660728,23937139502042541034874249,24361438123718,23186712174361752295675101
1649594478,1049897987342915462,23049274782445,23523314425156735250596906,23345154640889,24297596965413530244227633
1649517230,1049897511583170803,24856250104631,25192067447259412682636955,25081229406199,26060639294961881068121182
1649439088,1049894829180838244,24573880775739,25033763378537010127353805,24819124040545,26113975041080710403296321
1649360993,1049880628777243224,24365871445907,24971659357012270455251774,25474232800623,25747207427200868828702769
1649283599,1049870846496975161,24219487236063,25288245340067213465340342,25126051437472,28449002188074495174885994
1649205957,1049860348664406759,25268723003475,26803660019275616056893022,25672393774488,29127420810449927839371798
1649128565,1049855642779215153,26114297030128,26792788147446489673328976,26655617647389,27903562168766010448150095
1649050936,1049840764563418661,25515504479280,26876156780613434521363386,26173576292832,24807599851522644084033855
1648972036,1049838991097590241,25938369168718,26876156780613434521363386,26974380303492,24906672508536813563652711
1648895046,1049819204746585731,27011385367855,27806740811146975185614394,26579400707555,23873771580879473753155016
1648816860,1049800251249828720,26411048031632,26739483669232170979539690,26752670767783,25183187511647588853833396
1648739078,1049793698658001326,25155175498572,26432019085330648010922784,25657778083592,27345293411316169117950670
1648661515,1049774168634018564,24225225072617,25536432397145561359436678,25038813908565,24392762724227299375193517
1648583889,1049767813738912727,23930167174123,25836881507681311328732217,25048511376536,24391587546250261598096599
1648506620,1049765158524492033,23409602224123,25023412468577213368779990,24888968094603,24308856161796433669322061
1648429483,1049762823567496200,23977836217122,25119162264295233256366871,24811030072325,23722312839493436578634829
1648352144,1049760164296407093,23937495165492,25585714410107140690725488,25397804882172,23221976253183475101098445
1648274142,1049756238632982284,23790145326808,25210360546055316029038602,25393516958435,23748625231716062593658219
1648196578,1049751986023423748,23436530384775,25061059494876580790994455,24859610308927,24332520881244272040219037
1648119810,1049747586964976035,23711171124357,24965468152648972589340382,25370220040182,23378558135316340436004275
1648041828,1049736592259387862,23481570352121,25169634247389646426982408,24808027694261,23400702269280998666591542
1647965153,1049733865777213335,23736513877871,25308357625953238509621232,25083312475006,23274014202923452024011590
1647887090,1049716518989590667,23142726876120,24762475681093541505117768,24753846559214,23730044846063252892086449
1647809710,1049704352244666105,23278146863510,24564766528687369651434296,24440834734947,24522287698329746524716045
1647732147,1049703974141784909,23289242634168,24564766528687369651434296,24420811901119,24562443567201409177879636
1647654772,1049696067065070641,23910523715715,25451884160344978386528755,24458702453452,22870571615435890399687895
1647577910,1049659400160102908,24477020645569,25763536166991314860227274,25153956860077,23937905483748167236231315
1647500163,1049649911868474012,24750645511090,25162161970418917575544412,24680116208541,25778595851794938191079012
1647422135,1049635157162097125,24937849590283,25988259621548162558674096,25307854878826,25806465867806993321073367
1647344921,1049625338734189614,25314425972964,26179949229393142359951769,26134527504199,24567640553868919136872476
1647267431,1049585715246497531,26119020237782,26661318444489322209624419,26581381141539,23528119659731061889302589
1647190674,1049581448404413982,25979056256017,26557141341884140915711077,26810236125360,23543284867808536349302999
1647111784,1049576346231203165,24912214788120,25472124541876947613074648,25081045020854,23475416555018982681780938
1647034541,1049571876670290060,24642721422272,25539408617604580458781185,24630118464811,23622225051848929968118141
1646956224,1049561926056787926,24246903296921,25088085193730017493183409,25033135810870,23699768164124386307566122
1646879818,1049548907414138423,24818115244220,24871958803931211243279802,25150647216128,23568500310064764424677541
1646802690,1049535945670727685,23702395920533,24241345238000303344918686,24221744705048,23780439527733684713860541
1646724775,1049504462498744459,24517053158077,24276336087053940268492399,24854184645631,26712271303364863679055998
1646648447,1049472659651122871,25715924039437,25894932318115462260443999,25936923024740,26963456883462640579973104
1646570518,1049447467295772840,27488986292850,28541632072135217657232106,28479902164956,27027426164844079565001477
1646493468,1049444075404319182,28452035952078,28841139280871544249282520,28856635049042,25439524694212394028175788
1646414921,1049391878789477414,26513669992863,26723261032308007394408189,26529271474950,21219224585347334076374843
1646337975,1049192059554200152,24346648567426,24556751879988898815433349,24533356754923,27609449723122445612642715
1646260977,1049188364746640824,24090426461311,24865873059231391558525964,24895710862977,28036216243210780173163783
1646183432,1049159336808459272,25641492965941,27132321740745050701722385,27271574934861,30572792520081913745742348
1646107211,1049145602960166233,26096732919593,26671094409030819112020198,26505467698316,33438083943293337240280756
1646030528,1049116448608336476,27404143721334,27739533361024120810573826,27834846759206,32152943646801578990905964
1645952852,1049092018307636368,27914635303359,28499626898854307280551237,28608523412172,31604639827730455439041291
1645876087,1049091107893260651,27963027732878,28499625898854307280551237,28181287483779,31988982778237814072925306
1645799098,1049064395359591636,28623741913725,29362061545475333171589542,29378825211894,29668340961528738046393189
1645722231,1049039985330474429,31006991592852,31838829118148722394987594,32446524159599,30845003963570231188779714
1645645150,1049023585692864835,31510665394553,32416865906044234187695289,31954171547196,30672780582574150506466229
1645568216,1049007777104032892,32119998046719,33480040597908732001019253,33825226660118,27402006244483983024708510
1645491126,1049002157699910989,32089166646125,34071802036144928698892239,34241851416235,30209172311135709770968967
1645413327,1048998095850058274,32636942693031,34026640269355423324836953,33803787348805,30693089976173810455432553
1645336693,1048995579427358224,32353432358322,34575884771683364030629705,33591843822745,30730738171869455859793866
1645259187,1048995171517902838,32311755662342,34641339117780928610398771,33749417284323,30787094871330703305434712
1645181981,1048936054733672431,32205163974908,34208992272153478448964668,33322409853520,31737483953259806944867662
1645104836,1048929302767616538,32369393044624,35104478204898211505693459,34090466698780,29896050063487351975357123
1645028346,1048885759100847797,32764365450283,34139798511253611604436062,34167151215583,35391567712680862445914278
1644950674,1048871913637276812,34918907337763,35485876379936959040010432,36513011736940,32460559284544749883956749
1644874210,1048807508854420625,34267350892655,35537852515388078651511047,36883122774288,32002741778563951719002811
1644796929,1048785035671272654,35005194425615,37053478653346213799495271,35813710647846,30815728991097610598701054
1644720637,1048779918803434323,35290476791569,37211279493212873827505346,37449023392163,29859259735234310669076290
1644643653,1048760540265993194,34078158421660,36559236165900316275442520,36358266401884,33078612805310321516719666
1644567298,1048747927828786499,34678310389756,36762486100559991106293871,37422202712835,31432940590918048695071283
1644489506,1048717738045516473,34756478160136,36734762357598659002149320,37033548825374,31879161644934836475084000
1644412265,1048703022235671680,35600808405255,37237874659702738763468309,37922688621101,29493032964251671305474056
1644335573,1048689866691356340,34930689278561,36089114267475913373218930,36225103085279,28331788381972995920470577
1644258593,1048668706418127099,34442866341811,36605009270274959796585176,34782089128015,31456004900234615094766179
1644181391,1048616532230170389,34521600178845,36339084337167315895083847,35847432597270,26649530876797772961645851
1644105333,1048607037291694565,34376730368951,35151976644423473736158137,35730254969303,28168957652600584478248477
1644027907,1048591878458787921,33901980512554,35466726061624407223788097,36575059863905,26948284562486465766193151
1643951497,1048557196373965193,34683545493119,34789710823241635466311230,34413478145058,27586738404042457541599944
1643874635,1048549457106779491,33934877160398,34813503388097136718501807,34398183564493,28331519812719178344110662
1643796652,1048545053644020951,34593266091530,35284102245335506873117467,35921672916580,27478197646941924632073196
1643720684,1048481890935152992,34204573284152,35484008113421156611851822,35545798725065,25779731355032786773934803
1643643842,1048371396488785213,33040588852194,33577959942569170561236918,33369885133900,28235799237689163960350945
1643566445,1048353943681345129,38121859119212,39140530137153879309631761,38702220299647,27493518728755662962403470
1643490259,1048352899463919446,38251222421367,39274036092467674460835444,38646925474781,27069808232698741287682758
1643413408,1048286752748721039,39872295083063,38955682989354439904037157,38845471701574,24284072787325324509057739
1643336196,1048239232170915691,36141367909775,37194900189373442212469563,35899646707254,30488329822130703070763871
1643259950,1048216866817348181,34183399527364,35556001344009108302323762,34891837970047,28417082005661479084711721
1643182494,1048097091926378849,34445358067518,33736155935062720216831309,33743542305201,30242806628043109925842953
1643105842,1048073227087124349,30878534561009,30984916965562807178794463,30649813509951,26545256178734016742918905
1643028414,1048027367434607200,29078350607703,29956755452079504681597792,29720885826317,27474518667595629277926541
1642951130,1047997377928537394,30032485837486,29850098979195288208751651,30109110395037,26886708412975256636779153
1642874508,1047973504326696667,28923110671992,28352048118481057265064865,28643383230212,29075767936013324316139786
1642797973,1047892249847203195,31356398312547,31383580727893850083498445,30704338697017,36214763895322970061264684
1642720297,1047832001513973809,32294540056612,31701773534405272058893571,32178412924584,33537452198618562489619737
1642643546,1047827523959711231,32367911000073,32751979673604222906051211,32242697682516,33120577430563933686888921
1642566610,1047824764720878832,32981877901315,32969255484624284965963605,32073694663346,32932775036088169669188807
1642490140,1047812539120041436,33288447917787,33129723122212628136314279,33651469778825,31068659750221006645638630
1642413103,1047808735971178624,33694763758474,34212566794998466736094482,33095716384434,30173710405562875190130536
1642336845,1047790728127173244,33281289734570,33673911374009716189889152,34023057693524,34267157080142480839615066
1642260114,1047784027781025527,31675249416903,31424526423882846395310496,32297843394533,35424426375454338540598311
1642182368,1047749445521981840,34164922775276,34722140369219456611401951,34858194422772,36062878067113425117045833
1642105495,1047748435701056392,33933898882975,34849738900124505349671948,35023883253613,36040402366175388397458503
1642028056,1047719018714965753,32436630290294,33607262679412835096992043,33767900456481,36141134001685428275374795
1641950530,1047675767877189861,32688341112491,31649983429620438487415058,31877356317533,31951283649906183771196683
1641874697,1047603082651679160,32323664350259,32671462955262074068993027,32533017881820,30647031280780599166752072
1641797617,1047597065101153809,31728507244799,31859075183367483525164127,32139374332130,32655089233722918907645169
1641719857,1047595758569374661,31334941074876,31935046630492039406413367,31811570295543,33300415730459398787876883
1641644664,1047585279548031021,30490667644197,30558251099842312311991479,29742441157444,31379970249505119860989483
1641567240,1047570192584213834,30186698764034,29813662241127137909247915,29007564079872,30146060106227277727774813
1641490088,1047553595237071741,28984173771690,29520248016521732474780154,28956681875502,31511278855623466686698838
1641412659,1047461837000362186,29622128504766,29527487057123529884948905,29219833978131,29239144149261462491829462
1641335424,1047455066488598263,29602756453587,29760113685748179533633644,29437426121893,29254704140867436500644547
1641258282,1047432527682378562,28554345017339,30008281231870928966737650,30373174990805,29592458985777369592948710
1641181290,1047416480512453244,28043744439088,28474999473723980717996188,28710581754035,33029639039920132830342711
1641104774,1047411096168400163,28574956494638,29099213850544230807952187,28958501627282,31689533267439888460804778
1641028558,1047409862320301557,28160576025216,29285547739081354046508944,29113527042248,31842717688473174909328670
1640950592,1047398024183184096,29474964129909,28946073416613917536253852,28244027184854,34082483858162162749918280
1640873275,1047321120037021398,28135724206361,28493228226210876128613075,29065560154399,34359742416966945434867673
1640796215,1047306905741920530,28038312323336,28220645971607457814668227,29190481681034,34493230588864213260830170
1640719634,1047267243398420180,24157645388964,25526052154896826963615360,24779964349014,30257526329762175621692518
1640642547,1047257016586784769,24121776864602,24911571209582275418691270,25278822893532,30388334409943655208894343
1640565517,1047252262691418775,23773863202043,25063551253292951151131775,24523780203641,29399282465117994866604733
1640488855,1047245919855539594,22863083950520,23663468084579499735374835,24214993321570,29196580016535422024046429
1640412163,1047243938753140915,22863083950520,23805573157084073480151053,23855291996385,29243566583650382050648896
1640334388,1047226670193841452,22475652871854,24018978731733559166331865,24011964488733,27961342401971856115119747
1640258170,1047212400210977047,24057269219214,25407219737916564422346383,25081141744825,23944911086264758169916990
1640180037,1047187657965021500,24779995942679,25234156857576349940070114,25142610297461,23596549407868998146245633
1640103295,1047170686257468335,24533447777493,25455898424814290976044297,24596065240411,24582304006053912787219685
1640025874,1047160373380930272,25084711656487,26281183306963781126700357,26287126094085,22421680310647621618907967
1639949740,1047156095298037642,25417670383393,26269084473626878715291231,26295496651996,22095574918906491538267934
1639872208,1047154767615977984,25518246960624,26430234592736420280136766,26265281639213,21914209908373238155352994
1639795767,1047150356229265432,25510775510905,26603340098570818037298428,26300493276000,21628346413043007271520121
1639718920,1047128614305034260,26145422277743,27273840018533842403305579,27384533016137,19246507284449528847832775
1639641573,1047119496423866246,38129042529765,39048271524981783158224637,40127629304689,30648758025593944149749014
1639564384,1047113570602338352,38844783437434,38588440498706705926874581,38973658457639,31680596915481232903640517
1639487169,1047074866692601794,36019375845013,37303550315550740530756382,37105956333776,37601711682030184759439800
1639410085,1047045616519025983,35274925879481,37165571304982827091967490,36694737663023,36651578470788711296874803
1639333522,1047022823169193028,36491875288909,38783107484455973217706510,38579279209254,31792963130018917802692709
1639256996,1047022047558763934,36418123982690,38920203308311814426959020,38340178248243,32042270685610611732630851
1639179649,1047015063558931478,36261427647790,39082021701946375770329146,39194339831637,31242089956664803461228808
1639102709,1046962385810333257,38175377521281,39266643749589190796355977,39723810458253,35578165730707223972085321
1639023150,1046944169268802209,37578508182341,40810014214420902819114622,41763901217559,32610169353097602249733733
1638943213,1046890168128108178,37655485521669,41507005481925175464325236,41817489823166,32698979359023018711758304
1638863452,1046855292378929525,40084010629455,41916155528188617116241878,43245291417054,30431446172657717357497076
1638784584,1046835932495982346,36978939686416,41326531415630945375919900,42029993340188,35543334239395495172541765
1638704449,1046802592792019626,38185379551736,42154694305601870040793870,41843295717340,35005570163389115531524438
1638625268,1046789886436264643,37464717584293,41863661781866548365941278,42192883997993,36037165930771793081748213
1638545166,1046725220169880910,38999128098152,42184564190665015244197710,42008516197864,36572453810863950281273516
1638465269,1046720082456148714,38735854933048,41397103797254545565293678,43554892207096,36273852668438121450804014
1638385867,1046639648997365869,27028054815389,28380343324570894998679455,28290679869643,28990900216008393910819935
1638306090,1046580893162967803,28234553053519,29881465418273328934838222,30024090066053,25683619247002663162739595
1638226359,1046563500695290656,28849609085839,30160794528575383807404311,29955972415728,27962719366110249256907907
1638146133,1046551098211497501,29042459745791,30292036898354603285524675,30634166650607,26995135770926530510021974
1638067335,1046549610730495001,28943172395480,30880637232951679138417945,30544149087217,26443303196042954789686684
1637987935,1046547878227890712,29078965003351,30884639984790750731966344,30595665092797,25943408419687805184274703
1637909311,1046529701560251658,28556726061783,29565867161811132843957201,29560373261538,25600954298022601332762977
1637829939,1046515351917073726,29766641130334,31116146885549476712456000,31529117205698,27251146886639814491387739
1637750248,1046474396182410866,32485095527989,33414676811714459579641666,33191963475450,28010057048793058369634042
1637672351,1046454381254748857,32151326557742,34217439773638103419198452,33877098166594,27532372599852260924515411
1637594055,1046273495141481899,31599611483698,31828031943787893476342981,32473966139525,31445693967877806073768214
1637514699,1046256891558209576,30380781463245,30930868311469869365688416,31011869309763,35021069319211072522593098
1637435821,1046124901104974221,31022577816629,30984122436634782426970556,31147795057451,28123672687033036479864835
1637357627,1046111817417594264,30059956138925,31964048101545777511369099,31573513632998,26897630722487790967834226
1637276945,1046093891056808929,31369697669352,32712394236644030065456409,32614860053596,23942530281122960430574656
1637198939,1046044047445470459,31266444462488,31644716929683082573734474,31123215440289,24842946097240840236026857
1637120902,1046017861965231866,32595795672952,32134126172316249022972143,33116820619339,26617108153933655899455800
1637042417,1045965432750749438,29264714690853,29288795244373966096913709,30160296994736,25742343132356528040242508
1636963099,1045941181574147035,28703675297994,29058348510996143829927363,29320753097022,26510360174140298742309359
1636884870,1045936705538583530,29034839290513,29495538867850167103133021,29457192635129,25635990480184804797692178
1636805648,1045934373975542695,29338447049242,29255866233716999206953368,29403034785565,25592631248362172072820927
1636728110,1045916723867111227,30141317873579,32796240746090828917273367,31361454696436,24285770531078053665950853
1636649767,1045887415890211027,29017191950525,30766908112209377780412374,29318091014888,25051978237604088737730650
1636572303,1045637771124481253,25791335133504,27993421323297276725732561,27407693165124,20632837029290580708815854
1636493730,1045541071527557606,23608539686249,25773994270181340250302216,25204833746032,24872837955494178114739558
1636415683,1045533345861866576,24870431878619,25507892815975643082924774,26498845263403,23559381978726812043000959
1636336892,1045510894050134603,23338366073229,23984269325735390529629946,25222644531451,22105617892568198302845254
1636259578,1045499436465032739,23053947668219,24215880187866285923099008,25427002128931,22067709054050659408547856
1636181698,1045491832829297672,23117245559241,24877509517334825073293079,24943300066486,21839558639221990489399636
1636104346,1045462080688290257,23128724608720,23971875246234037870213133,24693083563264,22634266964240303795368708
1636026370,1045449773276493363,23385924116160,25367227741135729352790353,26066850710840,21456188413910414642113820
1635947995,1045409215709115772,23131895064311,26077651397438251308616940,25289050652912,20736393598719789160031807
1635869180,1045386664382847968,26284759450560,27027660545201042760733450,27805983292593,19454559770412856968722957
1635791031,1045311198023621542,25957188413108,28319343882082155655257499,27673467185775,18691085550506758656578046
1635712991,1045285989156911063,23999598768478,25859891970739144478721841,25412627034820,20862039533453668184056011
1635634227,1045275020743692839,25358720374968,25664235130556676345799531,26813924158933,21498489588030701476907087
1635555587,1045247847313856166,25913978736433,26393514366454614461570164,26614297651974,20972898191638192251550528
1635477653,1045225293964203310,26007490108929,25542257548753995659735188,26169586872286,20432511544159963688033920
1635400103,1045008589534124999,22610588507352,22628023328197934901303378,24274184318347,28714020173746797962088803
1635321106,1044961312264980515,23884810658539,24283927014523178035918039,23862512843435,29809599934599307124545995
1635243607,1044948517129652897,24022919848500,23557717016663920391977770,23957885654338,30282626593809613777638865
1635165691,1044930019694663442,24615687734563,24477108970111399250544351,24636525209071,28288127620937373768045556
1635088315,1044900494026904364,25200865103247,25263455208614144003021589,25366132259421,26993567613357269768640945
1635010016,1044888367092152845,24943564036327,24599767860842558915987043,24656754884342,28856295739967201584216139
1634932103,1044875910110122743,25826390643818,25062879953570567084768676,25217728166019,27508856127752375975846241
1634854353,1044853283915446297,24952297093226,24845369609100185543691589,25506306863767,28039204738687216628026955
1634777319,1044819441209392706,23972413193976,24233197903458049794940291,24359778902468,30749249135759663118301203
1634698919,1044694266293888758,26597770865741,27000851666145446369966710,26397336453457,23305745635426704446155526
1634621278,1044678997233383003,27761856125869,27381262762919834963714325,27569060494717,22563351490902254717981982
1634543532,1044669067444873006,27596326169062,27296240822599879718289450,28049935265858,22344315776164883345369393
1634465762,1044643396678704204,27661308542365,27146599665124490220650685,27863175563725,22963526916664989120364916
1634387710,1044624078358308077,28305769475206,27193281330579166932821006,28258773850403,21914802738988715828770098
1634309669,1044612699347936015,28743907952821,27785426068697410669586105,29292876522241,21723415638286687893153299
1634230646,1044579963692691295,28229763675632,26465112261199889478386132,28246959450274,24841035644131479186158850
1634152753,1044562432532869688,26707601748827,25986001681815841515622154,27034907205149,26035672234115369831241893
1634073298,1044558354927823244,26627415267187,25849867945477339433924463,27347341905626,25960079865780560875832538
1633995244,1044532858108006060,27665383224431,27099605713761497864934095,27780813166289,23424632176222145594509873
1633917096,1044506508076800478,29599297234562,28096415379996075680830839,29648281689546,22874427168320024123708869
1633839419,1044482546529461325,27986635892744,26553367548365277819231435,27890628821166,21161681330763297494529439
1633761418,1044472613890964508,28353318720636,27278244423610783420617837,29020941474033,21522129356400201610400715
1633683010,1044452373717003262,28249162963071,26640401523272167755533869,29171603331236,19966572775915858900652013
1633605063,1044430485866863753,30028683417354,28656555396444586094823401,30370307502548,21807163181200649797188128
1633527277,1044406672029408914,29453196284002,28360880687059285974759720,30610544111362,23074017779230071992273700
1633448749,1044378782261073420,30270386190355,29539722122309509239101799,30852385171835,28142314846976694146858368
1633371492,1044366412783528624,29254754741726,28369081681514676902756611,29939268934304,24624300613718219154951266
1633293290,1044357982875717095,29022475465830,27778613626323438674767906,29732775012219,26060984743158703478537866
1633214867,1044350507595044720,29464039615727,28749460365030753577258480,29781310425816,24873330653152709762585697
1633137623,1044347476561353344,29721869695283,28875422376813099990802063,29939144600380,24681734332570021754575985
1633060344,1044341167454381972,30746452130561,28605089240316885077266958,30736050043087,24246890482026180347563129
1632981597,1044332851136470432,30110916691717,29017580969670638297610110,30525801356689,25226299817364588499407223
1632904074,1044279382874777335,29622655911325,28343717884895892902925070,29803656956075,27173613603517452417830651
1632826867,1044268776736974432,28601466261278,28501263635612016648485457,29029670944891,28380880537239014138449546
1632750074,1044259531987535171,28932608654486,28412163400750157622244487,29881301331794,27368506108345513659519842
1632671966,1044249198673190321,28642014915911,27349763911512068171341137,28885680923148,25882389993942066090668330
1632594192,1044174876411372302,27371510581875,26866733907682878939358658,27972536920031,29132116471586515985346925
1632518072,1044163953264553388,25963961058322,25307967307198908670596716,27031088344695,28401323229725732247989835
1632440971,1044021772437885190,27546272131187,27026979402527286528813919,27852719290497,20688451820196581004966057
1632363901,1043962740055134025,31810066810144,31163008693601506157782375,31520041495123,20983449981902448027962574
1632286452,1043913307186400826,29498528243200,28388685190241194871876019,28976392406005,20508529379951017973917135
1632209713,1043759855135836070,29685414225649,28659897634075182963458522,29260957593655,26642889378452954839914495
1632132656,1043741869679334291,31424677232910,29503337418044785053687464,30610767248782,23375367837737853954470631
1632056297,1043732770794603849,30200867602325,29924835954887489012641144,30347247063562,24550239539701608099684638
1631979215,1043726712047540316,30354373221480,29927097106263803936997779,30301301382603,24509560472053299403459855
1631901594,1043721477276832023,30206047125095,29951054499912625314753249,30221258159541,24379940926999134291136270
1631824831,1043698120943789348,31506225917282,31891195389095670514854143,32142022732453,23172061433123748088756363
1631747924,1043626203460763562,40720227552900,39067047409147113047570409,39504439576541,29572949725336120408523094
1631670445,1043587913344438156,38167180325513,38028103870660914971300368,38752459862656,33662063145194767179798111
1631594125,1043572649084362269,39023914034585,38427621571151444679291401,39695907477505,33623899930440984698295339
1631517092,1043545424534769376,38737862006384,37743713217013541278986702,38796428526957,35491036358944705985048222
1631439631,1043535206090523582,37810064316179,37754498961457714464562414,38445948104929,36934251696306051170636639
1631362890,1043532726707284920,37996377740986,37647957125835577670327144,37166564338756,38262332121329967131283254
1631285522,1043515850411081374,38174207616959,38608554552621284601291764,39959384742381,34824697981627645321485828
1631208857,1043493132930124096,38832568748497,38905536054610612123279954,39446772250581,34227687723735553003000095
1631130836,1043477234820442684,37810727627917,38858069941524545840843511,38802452165368,36117644163235147995565916
1631054261,1043436725485715239,36905510787086,37556030063352651495845592,38483315547186,39558857071126603261072529
1630977054,1043375156271847328,36590499988894,36944342391602325167036292,38088788036052,40885318020847368926876294
1630899765,1043367878241487839,37847456075522,37406467986573328581879267,38752383717987,40804818979206067304984556
1630823101,1043362081580167049,36865624180779,37482246023597256677608041,37775450498566,40854970119250812797694552
1630746903,1043356945867624766,37484644368605,37221889759641089465611056,37907527304809,39419976309910080104480647
1630669976,1043350845907528349,37706965673891,37073163778381738787155524,38152289211169,39099751702197511977597294
1630593120,1043329138598826348,38244964800245,37664342297342866809364192,38657509628478,37808971198984027850964260
1630516646,1043316943389612538,38084747025744,36961261916203698493429209,39861570178229,37964779855942026118209651
1630439216,1043276531906479529,36194754227467,35860542699141002961213756,38505983497174,42352772089732386337468506
1630361984,1043231916684992539,37613123306910,36018222190917559722934047,38097664788285,41461600812245972814663620
1630285436,1043213609546349660,38696284890601,37410258077587497188386226,39524475548415,38439647757792708975668849
1630207905,1043190542250775076,38827095440002,37447765302098729312759149,39284504716674,38847679708532171988525407
1630132084,1043185632444064978,38568532462492,36596177126505985857627507,39697647085197,39598104070631500698268219
1630053908,1043171229785935913,38540681959014,36462530911323078343535155,39013837952523,38439846774001602490574879
1629977879,1043156400450817653,37365392247379,36129669499388815549019214,37172987577487,41793697858721997031689649
1629900310,1043118673898077155,38536578652188,37174643899127044890022004,39442862519602,37369356525553509607231461
1629823549,1043099168286635680,37835793577252,36304560201403265117366578,38958056254978,39492314909971140659905365
1629747064,1043080522147066303,37973735729260,37089012814486481901372527,39011091634143,38510915367838399514146472
1629669292,1042984659340353201,39877414470635,39558865580602394894582263,41742260270208,31436905927755807142231322
1629592928,1042971302326776688,40123294796920,40859249421529747039739632,41986040047187,29592284734123066726564748
1629515465,1042923938283913551,40574547471530,38798219737861313967128712,41585323036242,31620494063764914239224962
1629439014,1042914299203776277,40856217461543,38955550815145606183991752,41971093011487,30862101089661604426365537
1629362310,1042862003470886467,41017840906343,38528612432572212676694613,41420988597315,32354594921577882944773129
1629285085,1042831338698885243,40529477136862,38960035652683033489877520,41465260566405,32545684200898798337852183
1629208886,1042800496783538322,39901378795598,38614081606891402155604869,41910347167266,31124102123347938634984782
1629132380,1042752294887598943,38255853789768,39470322535091816974814760,39368283896135,33944291601517212215503708
1629055122,1042660790954785478,39938768828338,38279211035212620199698664,41808652564627,31040351630703654704433945
1628670729,1042417338045251573,39828791509494,37871469092473586526084597,42272451422681,28383272097407832703270020
1628594027,1042403950645185757,40306882915329,39169386277041475831105485,41913592135383,27648281527318869264246983
